id,created_at,fullName,email,nationalID,nationality,countryFlag
720,2024-07-28 13:37:59.279401+00,Jonas Schmedtmann,hello@jonas.io,3525436345,Portugal,https://flagcdn.com/pt.svg
721,2024-07-28 13:37:59.279401+00,Jonathan Smith,johnsmith@test.eu,4534593454,Great Britain,https://flagcdn.com/gb.svg
722,2024-07-28 13:37:59.279401+00,Jonatan Johansson,jonatan@example.com,9374074454,Finland,https://flagcdn.com/fi.svg
723,2024-07-28 13:37:59.279401+00,Jonas Mueller,jonas@example.eu,1233212288,Germany,https://flagcdn.com/de.svg
724,2024-07-28 13:37:59.279401+00,Jonas Anderson,anderson@example.com,0988520146,Bolivia (Plurinational State of),https://flagcdn.com/bo.svg
725,2024-07-28 13:37:59.279401+00,Jonathan Williams,jowi@gmail.com,633678543,United States of America,https://flagcdn.com/us.svg
726,2024-07-28 13:37:59.279401+00,Emma Watson,emma@gmail.com,1234578901,United Kingdom,https://flagcdn.com/gb.svg
727,2024-07-28 13:37:59.279401+00,Mohammed Ali,mohammedali@yahoo.com,987543210,Egypt,https://flagcdn.com/eg.svg
728,2024-07-28 13:37:59.279401+00,Maria Rodriguez,maria@gmail.com,1098765321,Spain,https://flagcdn.com/es.svg
729,2024-07-28 13:37:59.279401+00,Li Mei,li.mei@hotmail.com,102934756,China,https://flagcdn.com/cn.svg
730,2024-07-28 13:37:59.279401+00,Khadija Ahmed,khadija@gmail.com,1023457890,Sudan,https://flagcdn.com/sd.svg
731,2024-07-28 13:37:59.279401+00,Gabriel Silva,gabriel@gmail.com,109283465,Brazil,https://flagcdn.com/br.svg
732,2024-07-28 13:37:59.279401+00,Maria Gomez,maria@example.com,108765421,Mexico,https://flagcdn.com/mx.svg
733,2024-07-28 13:37:59.279401+00,Ahmed Hassan,ahmed@gmail.com,1077777777,Egypt,https://flagcdn.com/eg.svg
734,2024-07-28 13:37:59.279401+00,John Doe,johndoe@gmail.com,3245908744,United States,https://flagcdn.com/us.svg
735,2024-07-28 13:37:59.279401+00,Fatima Ahmed,fatima@example.com,1089999363,Pakistan,https://flagcdn.com/pk.svg
736,2024-07-28 13:37:59.279401+00,David Smith,david@gmail.com,44450960283,Australia,https://flagcdn.com/au.svg
737,2024-07-28 13:37:59.279401+00,Marie Dupont,marie@gmail.com,06934233728,France,https://flagcdn.com/fr.svg
738,2024-07-28 13:37:59.279401+00,Ramesh Patel,ramesh@gmail.com,9875412303,India,https://flagcdn.com/in.svg
739,2024-07-28 13:37:59.279401+00,Fatimah Al-Sayed,fatimah@gmail.com,0123456789,Kuwait,https://flagcdn.com/kw.svg
740,2024-07-28 13:37:59.279401+00,Nina Williams,nina@hotmail.com,2345678901,South Africa,https://flagcdn.com/za.svg
741,2024-07-28 13:37:59.279401+00,Taro Tanaka,taro@gmail.com,3456789012,Japan,https://flagcdn.com/jp.svg
742,2024-07-28 13:37:59.279401+00,Abdul Rahman,abdul@gmail.com,4567890123,Saudi Arabia,https://flagcdn.com/sa.svg
743,2024-07-28 13:37:59.279401+00,Julie Nguyen,julie@gmail.com,5678901234,Vietnam,https://flagcdn.com/vn.svg
744,2024-07-28 13:37:59.279401+00,Sara Lee,sara@gmail.com,6789012345,South Korea,https://flagcdn.com/kr.svg
745,2024-07-28 13:37:59.279401+00,Carlos Gomez,carlos@yahoo.com,7890123456,Colombia,https://flagcdn.com/co.svg
746,2024-07-28 13:37:59.279401+00,Emma Brown,emma@gmail.com,8901234567,Canada,https://flagcdn.com/ca.svg
747,2024-07-28 13:37:59.279401+00,Juan Hernandez,juan@yahoo.com,4343433333,Argentina,https://flagcdn.com/ar.svg
748,2024-07-28 13:37:59.279401+00,Ibrahim Ahmed,ibrahim@yahoo.com,2345678009,Nigeria,https://flagcdn.com/ng.svg
749,2024-07-28 13:37:59.279401+00,Mei Chen,mei@gmail.com,3456117890,Taiwan,https://flagcdn.com/tw.svg